,mean_fit_time,std_fit_time,mean_score_time,std_score_time,param_randomforestregressor__n_estimators,params,split0_test_score,split1_test_score,split2_test_score,split3_test_score,split4_test_score,mean_test_score,std_test_score,rank_test_score,split0_train_score,split1_train_score,split2_train_score,split3_train_score,split4_train_score,mean_train_score,std_train_score
0,0.003471183776855469,0.00041462742744889614,0.001075601577758789,2.8351808757951235e-05,1,{'randomforestregressor__n_estimators': 1},0.7946260310124632,0.8722424065844732,0.8104594848562042,0.8259395520349561,0.8166055508185163,0.8239746050613226,0.02619901491957685,5,0.8713436276264075,0.9085548789275428,0.9467487527445851,0.879194675217164,0.8672394841387495,0.8946162837308897,0.029802719502543366
1,0.007898807525634766,0.0005133563604122777,0.0011429786682128906,2.0796879704131482e-05,5,{'randomforestregressor__n_estimators': 5},0.813649063226365,0.900274579948223,0.8854024922422169,0.8960447369946691,0.9473981888665763,0.88855381225561,0.04307389755395879,4,0.9756233550373772,0.9789478728212316,0.9828731968284791,0.9745301892320392,0.9616481801556069,0.9747245588149468,0.007156451295131108
2,0.013182115554809571,0.00014556920815769078,0.0012409687042236328,9.269547559077378e-06,10,{'randomforestregressor__n_estimators': 10},0.8446079328995304,0.9079472462311228,0.8741573458135877,0.9308484461533658,0.9334641209896034,0.898205018417442,0.03421884517336851,3,0.9843420759079728,0.9848472973343544,0.9888462784357449,0.9839068351224227,0.9782173333155336,0.9840319640232057,0.0033989453823366892
3,0.024115800857543945,0.00023336319909584338,0.0014348506927490234,3.577562737419109e-05,20,{'randomforestregressor__n_estimators': 20},0.8522018477725508,0.8922739187144397,0.8772646189685507,0.9269279554031603,0.9451766343704413,0.8987689950458286,0.03352527240242451,2,0.9865463332470122,0.9854504150917959,0.9894779671179363,0.9869083705566472,0.9796761523203305,0.9856118476667444,0.003248373569537522
4,0.10985097885131836,0.0006889628440609011,0.002992057800292969,1.1967187773853728e-05,100,{'randomforestregressor__n_estimators': 100},0.8405613787518065,0.8977760689276753,0.8732320974557315,0.9379911058119937,0.9543921801945886,0.9007905662283591,0.041600780243287984,1,0.989292107225713,0.9884254663926136,0.9886193600723919,0.9872676787630874,0.9808299145397421,0.9868869053987097,0.0030979248401981196
