,mean_fit_time,std_fit_time,mean_score_time,std_score_time,param_linearregression__positive,params,split0_test_score,split1_test_score,split2_test_score,split3_test_score,split4_test_score,mean_test_score,std_test_score,rank_test_score,split0_train_score,split1_train_score,split2_train_score,split3_train_score,split4_train_score,mean_train_score,std_train_score
0,0.03081350326538086,0.0012099854219798276,0.0,0.0,True,{'linearregression__positive': True},,,,,,,,2,,,,,,,
1,0.0024242401123046875,4.628956731966643e-05,0.0009295940399169922,1.564214857826322e-05,False,{'linearregression__positive': False},0.768446377983208,0.9070491835177579,0.7655489484101661,0.8401192618794778,0.6803111805517983,0.7922949904684815,0.07652472348868304,1,0.9747630021271745,0.9616131570808372,0.9658116995500318,0.9612201433144258,0.9612778251666998,0.9649371654478337,0.005207070823451935
